{
  "assetsByChunkName": {
    "vendors~app-account~app-checkout~app-confirmation~app-order": "chunk.0b912523d00d18bfb541.js",
    "vendors~app-account~app-confirmation~app-order": "chunk.5b089ce3f79df8f886de.js",
    "vendors~app-account~app-checkout": "chunk.94173fe444c60fa8b73d.js",
    "admin": [
      "admin.583b4ba197cd4c35e9e1.js",
      "admin.583b4ba197cd4c35e9e1.js.map"
    ],
    "app-account": "chunk.abe591d3462e84183eef.js",
    "app-confirmation": "chunk.ba59786d147abe65f928.js",
    "app-order": "chunk.ffe61f57e63b1dd3104e.js",
    "checkout": [
      "checkout.c0861052392c1e765bda.js",
      "checkout.c0861052392c1e765bda.js.map"
    ],
    "storefront": [
      "storefront.fc33f10f572fb70ff3c0.css",
      "storefront.e2efa321a25fb1f108b9.js",
      "storefront.fc33f10f572fb70ff3c0.css.map",
      "storefront.e2efa321a25fb1f108b9.js.map"
    ],
    "vendors~app-cart": "chunk.34e568424beaea9bbeae.js",
    "vendors~app-checkout": "chunk.a822590373e3cdd5617a.js"
  }
}