{
  "marketing_stripe": {
    "text": "Frete grátis em pedidos acima de R$ 99,90",
    "link": "",
    "background": "#d9b57e",
    "color": "#242424"
  },
  "contacts_stripe": {
    "pages": [
      {
        "title": "contato@vegras.com.br",
        "link": ""
      }
    ],
    "phone_wpp": true,
    "socials": true
  },
  "categories_list": {
    "featured": [
      "/racas/?Raças de Dogs",
      "/ofertas?Ofertas",
      "/por-ambiente?Por ambiente",
      "/cozinha?Categorias"
    ],
    "random": 6,
    "full_width": false
  },
  "desktop_megamenu": true,
  "search_input": true
}