{
  "meta_title": "",
  "meta_description": "",
  "sections": [
    {
      "type": "banner-slider",
      "autoplay": 9000,
      "full_width": false,
      "slides": [
        {
          "start": "",
          "end": "",
          "img": "/img/uploads/abril-2022-pets.jpg"
        },
        {
          "start": "",
          "end": "",
          "img": "/img/uploads/abril-2022-menina-e-seu-pet.jpg"
        },
        {
          "start": "",
          "end": "",
          "img": "/img/uploads/abril-22-pai-e-mae.jpg"
        }
      ]
    },
    {
      "type": "info-bar",
      "enabled": true
    },
    {
      "type": "dynamic-showcase",
      "load_more": true,
      "sort": "views"
    }
  ]
}